{
  "project_info": {
    "project_number": "783809928733",
    "firebase_url": "https://tour-assistant-3de85.firebaseio.com",
    "project_id": "tour-assistant-3de85",
    "storage_bucket": "tour-assistant-3de85.appspot.com"
  },
  "client": [
    {
      "client_info": {
        "mobilesdk_app_id": "1:783809928733:android:907c937c1a38dfbb3030f4",
        "android_client_info": {
          "package_name": "com.shohagas.tourmate"
        }
      },
      "oauth_client": [
        {
          "client_id": "783809928733-6cth56eqahc41e8bme59she9pecfvn4b.apps.googleusercontent.com",
          "client_type": 3
        }
      ],
      "api_key": [
        {
          "current_key": "AIzaSyDv_A8g5Kx7ptQMSxNilpfxjrGkNMeDeQo"
        }
      ],
      "services": {
        "appinvite_service": {
          "other_platform_oauth_client": [
            {
              "client_id": "783809928733-6cth56eqahc41e8bme59she9pecfvn4b.apps.googleusercontent.com",
              "client_type": 3
            }
          ]
        }
      }
    }
  ],
  "configuration_version": "1"
}